,split0_test_score,split1_test_score,split2_test_score,mean_test_score,std_test_score,rank_test_score,mean_fit_time,std_fit_time,mean_score_time,std_score_time,param_colsample_bylevel,param_colsample_bytree,param_gamma,param_learning_rate,param_max_delta_step,param_max_depth,param_min_child_weight,param_n_estimators,param_reg_alpha,param_reg_lambda,param_scale_pos_weight,param_subsample,params
0,0.5,0.5,0.5,0.5,0.0,1,0.009221951166788736,0.00011595043930055397,0.0017549196879069011,7.9034790028648e-05,0.4160029192647807,0.7304484857455519,0.13031389926541354,0.042815319280763466,13,21,2,87,5.497557739289786e-07,0.05936070635912049,0.060830282487222144,0.13556548021189216,"{'colsample_bylevel': 0.4160029192647807, 'colsample_bytree': 0.7304484857455519, 'gamma': 0.13031389926541354, 'learning_rate': 0.042815319280763466, 'max_delta_step': 13, 'max_depth': 21, 'min_child_weight': 2, 'n_estimators': 87, 'reg_alpha': 5.497557739289786e-07, 'reg_lambda': 0.05936070635912049, 'scale_pos_weight': 0.060830282487222144, 'subsample': 0.13556548021189216}"
1,0.9225206611570247,0.7922077922077922,0.9501133786848072,0.8880667136481089,0.06871164960931031,1,0.014752626419067383,0.001667108438540107,0.002072413762410482,0.00013256963940814345,0.8390144719977516,0.8844821246070537,4.358684608480795e-07,0.7988179462781242,17,3,1,68,0.0005266983003701547,276.5424475574225,0.3016410771843142,0.9923710598637134,"{'colsample_bylevel': 0.8390144719977516, 'colsample_bytree': 0.8844821246070537, 'gamma': 4.358684608480795e-07, 'learning_rate': 0.7988179462781242, 'max_delta_step': 17, 'max_depth': 3, 'min_child_weight': 1, 'n_estimators': 68, 'reg_alpha': 0.0005266983003701547, 'reg_lambda': 276.5424475574225, 'scale_pos_weight': 0.3016410771843142, 'subsample': 0.9923710598637134}"
2,0.9400826446280991,0.803030303030303,0.9410430839002266,0.8947112319205341,0.06482939162555115,1,0.013374884923299154,0.0005044767869282372,0.002710262934366862,0.00040014689823228894,0.4503841871781403,0.9195352964526833,8.168958221061441e-09,0.07356404539935663,4,23,1,88,0.00010376808625045426,476.96194787286544,1.3165669602830552,0.387658500562527,"{'colsample_bylevel': 0.4503841871781403, 'colsample_bytree': 0.9195352964526833, 'gamma': 8.168958221061441e-09, 'learning_rate': 0.07356404539935663, 'max_delta_step': 4, 'max_depth': 23, 'min_child_weight': 1, 'n_estimators': 88, 'reg_alpha': 0.00010376808625045426, 'reg_lambda': 476.96194787286544, 'scale_pos_weight': 1.3165669602830552, 'subsample': 0.387658500562527}"
3,0.5,0.5,0.5,0.5,0.0,1,0.013878345489501953,0.0019517925893151261,0.002037684122721354,0.0002612793034762029,0.8142720284737898,0.1801528457825951,0.00015936523535755285,0.4032083917998946,10,5,4,94,0.1611980387486336,4.3806965488564525e-05,0.0009365503147654213,0.8391548832503206,"{'colsample_bylevel': 0.8142720284737898, 'colsample_bytree': 0.1801528457825951, 'gamma': 0.00015936523535755285, 'learning_rate': 0.4032083917998946, 'max_delta_step': 10, 'max_depth': 5, 'min_child_weight': 4, 'n_estimators': 94, 'reg_alpha': 0.1611980387486336, 'reg_lambda': 4.3806965488564525e-05, 'scale_pos_weight': 0.0009365503147654213, 'subsample': 0.8391548832503206}"
4,0.7820247933884298,0.7489177489177489,0.927437641723356,0.8183328299607369,0.07701603840995717,1,0.01429454485575358,0.0018391642193946926,0.0028630892435709634,0.00040098018564016746,0.8015579071911014,0.44364889457651413,3.811128976537413e-05,0.2700390206185342,18,36,2,83,1.5057560255472018e-06,0.08186810622382998,0.029004593634154585,0.8835665823899177,"{'colsample_bylevel': 0.8015579071911014, 'colsample_bytree': 0.44364889457651413, 'gamma': 3.811128976537413e-05, 'learning_rate': 0.2700390206185342, 'max_delta_step': 18, 'max_depth': 36, 'min_child_weight': 2, 'n_estimators': 83, 'reg_alpha': 1.5057560255472018e-06, 'reg_lambda': 0.08186810622382998, 'scale_pos_weight': 0.029004593634154585, 'subsample': 0.8835665823899177}"
5,0.8770661157024793,0.7824675324675324,0.9070294784580499,0.8552887680794657,0.052924654957661736,1,0.010636170705159506,0.00015779351803847148,0.002185344696044922,0.0003280512004224682,0.7366877378057127,0.9399760402267441,2.6498051478267012e-08,0.0238149998729586,16,19,2,77,0.011683028450342707,0.0048879464985534336,0.13267482411031659,0.5689543694097536,"{'colsample_bylevel': 0.7366877378057127, 'colsample_bytree': 0.9399760402267441, 'gamma': 2.6498051478267012e-08, 'learning_rate': 0.0238149998729586, 'max_delta_step': 16, 'max_depth': 19, 'min_child_weight': 2, 'n_estimators': 77, 'reg_alpha': 0.011683028450342707, 'reg_lambda': 0.0048879464985534336, 'scale_pos_weight': 0.13267482411031659, 'subsample': 0.5689543694097536}"
6,0.9235537190082644,0.8181818181818181,0.909297052154195,0.8837880465787442,0.04675409828299264,1,0.013159990310668945,0.0013561684839084901,0.003149271011352539,0.0006521976147262662,0.6209085649172932,0.7776107350396038,1.3277909848852635e-06,0.5605967693796124,12,30,3,71,0.004026635957416632,0.040887904512512056,109.72255122430063,0.6612742297240571,"{'colsample_bylevel': 0.6209085649172932, 'colsample_bytree': 0.7776107350396038, 'gamma': 1.3277909848852635e-06, 'learning_rate': 0.5605967693796124, 'max_delta_step': 12, 'max_depth': 30, 'min_child_weight': 3, 'n_estimators': 71, 'reg_alpha': 0.004026635957416632, 'reg_lambda': 0.040887904512512056, 'scale_pos_weight': 109.72255122430063, 'subsample': 0.6612742297240571}"
7,0.5,0.5,0.5,0.5,0.0,1,0.008949200312296549,0.00014372855085825994,0.0018386046091715496,5.982401005415722e-05,0.5479690370134094,0.9208091341729433,2.083286323303108e-05,0.4734922490673386,6,3,3,51,2.9618722230360503e-06,8.153638964242,0.0015718563651880596,0.577028860872224,"{'colsample_bylevel': 0.5479690370134094, 'colsample_bytree': 0.9208091341729433, 'gamma': 2.083286323303108e-05, 'learning_rate': 0.4734922490673386, 'max_delta_step': 6, 'max_depth': 3, 'min_child_weight': 3, 'n_estimators': 51, 'reg_alpha': 2.9618722230360503e-06, 'reg_lambda': 8.153638964242, 'scale_pos_weight': 0.0015718563651880596, 'subsample': 0.577028860872224}"
8,0.9256198347107437,0.8181818181818182,0.9070294784580499,0.8837544884056512,0.04698357811313923,1,0.0175015131632487,0.0025502777352140026,0.0024923483530680337,0.00033223839774632497,0.955923206446829,0.7036152301751524,0.03823613443879595,0.06786442521779147,8,11,0,69,0.00022356829889037284,1.2908532337409298e-07,4.73588486119117,0.4499578015509351,"{'colsample_bylevel': 0.955923206446829, 'colsample_bytree': 0.7036152301751524, 'gamma': 0.03823613443879595, 'learning_rate': 0.06786442521779147, 'max_delta_step': 8, 'max_depth': 11, 'min_child_weight': 0, 'n_estimators': 69, 'reg_alpha': 0.00022356829889037284, 'reg_lambda': 1.2908532337409298e-07, 'scale_pos_weight': 4.73588486119117, 'subsample': 0.4499578015509351}"
9,0.5,0.5,0.5,0.5,0.0,1,0.009717941284179688,0.0010963867189572297,0.0021126270294189453,0.0003250180158670608,0.013594004182195795,0.819651719467114,0.002807995180059625,0.03229300915669146,12,14,2,58,0.11080071157037095,5.745523087821567,3.573713830065675,0.029649078936835577,"{'colsample_bylevel': 0.013594004182195795, 'colsample_bytree': 0.819651719467114, 'gamma': 0.002807995180059625, 'learning_rate': 0.03229300915669146, 'max_delta_step': 12, 'max_depth': 14, 'min_child_weight': 2, 'n_estimators': 58, 'reg_alpha': 0.11080071157037095, 'reg_lambda': 5.745523087821567, 'scale_pos_weight': 3.573713830065675, 'subsample': 0.029649078936835577}"
10,0.9204545454545454,0.8170995670995671,0.8526077097505669,0.8639132185643814,0.04315718836850592,1,0.008853514989217123,0.0005490333607366039,0.0018429756164550781,0.00020842829820035734,1.0,0.01,1e-09,1.0,20,50,0,50,1.0,1000.0,499.99999999999994,1.0,"{'colsample_bylevel': 1.0, 'colsample_bytree': 0.01, 'gamma': 1e-09, 'learning_rate': 1.0, 'max_delta_step': 20, 'max_depth': 50, 'min_child_weight': 0, 'n_estimators': 50, 'reg_alpha': 1.0, 'reg_lambda': 1000.0, 'scale_pos_weight': 499.99999999999994, 'subsample': 1.0}"
11,0.9380165289256199,0.8246753246753247,0.9183673469387755,0.8938387194201147,0.04955906755287856,1,0.012913703918457031,0.0011264316326058358,0.0022006829579671225,0.00017390662937666058,0.8849533817613261,0.8148910277111542,2.409632737937799e-07,0.9577624482566114,16,13,1,74,0.00020131369852768844,795.8400775390791,1.682871071710997,1.0,"{'colsample_bylevel': 0.8849533817613261, 'colsample_bytree': 0.8148910277111542, 'gamma': 2.409632737937799e-07, 'learning_rate': 0.9577624482566114, 'max_delta_step': 16, 'max_depth': 13, 'min_child_weight': 1, 'n_estimators': 74, 'reg_alpha': 0.00020131369852768844, 'reg_lambda': 795.8400775390791, 'scale_pos_weight': 1.682871071710997, 'subsample': 1.0}"
12,0.9111570247933884,0.8051948051948052,0.8684807256235828,0.8619416758951643,0.043743387143779525,1,0.010858456293741861,0.0004671546785551446,0.001904884974161784,0.0001066088053649937,0.5145821142990777,0.8247239064237767,1.9175419578473047e-09,0.07691033876582233,6,33,1,91,0.0001133420638179546,92.98507000875222,3.915089234135982,0.48779466665298077,"{'colsample_bylevel': 0.5145821142990777, 'colsample_bytree': 0.8247239064237767, 'gamma': 1.9175419578473047e-09, 'learning_rate': 0.07691033876582233, 'max_delta_step': 6, 'max_depth': 33, 'min_child_weight': 1, 'n_estimators': 91, 'reg_alpha': 0.0001133420638179546, 'reg_lambda': 92.98507000875222, 'scale_pos_weight': 3.915089234135982, 'subsample': 0.48779466665298077}"
13,0.9049586776859505,0.7727272727272727,0.9433106575963719,0.8733682338333502,0.07286504422891744,1,0.009114901224772135,0.00026369858907552586,0.0021069844563802085,0.00016322142813094139,1.0,0.3552148601585188,1.7133617784568172e-08,1.0,20,50,4,69,0.009232767661527265,0.00012053546496665009,499.99999999999994,1.0,"{'colsample_bylevel': 1.0, 'colsample_bytree': 0.3552148601585188, 'gamma': 1.7133617784568172e-08, 'learning_rate': 1.0, 'max_delta_step': 20, 'max_depth': 50, 'min_child_weight': 4, 'n_estimators': 69, 'reg_alpha': 0.009232767661527265, 'reg_lambda': 0.00012053546496665009, 'scale_pos_weight': 499.99999999999994, 'subsample': 1.0}"
14,0.9070247933884297,0.854978354978355,0.9070294784580499,0.8896775059565758,0.024536005032625288,1,0.009961446126302084,0.00043069357079283504,0.0017822583516438801,5.700957769231778e-05,0.7606753178754772,0.7393711393149293,3.1544936876905866e-07,1.0,13,36,3,74,0.003951814239143465,0.01102381341602144,499.99999999999994,0.8102161220599664,"{'colsample_bylevel': 0.7606753178754772, 'colsample_bytree': 0.7393711393149293, 'gamma': 3.1544936876905866e-07, 'learning_rate': 1.0, 'max_delta_step': 13, 'max_depth': 36, 'min_child_weight': 3, 'n_estimators': 74, 'reg_alpha': 0.003951814239143465, 'reg_lambda': 0.01102381341602144, 'scale_pos_weight': 499.99999999999994, 'subsample': 0.8102161220599664}"
15,0.5,0.5,0.5,0.5,0.0,1,0.010052204132080078,0.0002640646946811829,0.0018893082936604817,0.0001663163227777258,0.909518432118256,0.5711792908246318,1e-09,1.0,20,50,5,98,7.659367778094433e-06,1000.0,1.762549012724548e-05,1.0,"{'colsample_bylevel': 0.909518432118256, 'colsample_bytree': 0.5711792908246318, 'gamma': 1e-09, 'learning_rate': 1.0, 'max_delta_step': 20, 'max_depth': 50, 'min_child_weight': 5, 'n_estimators': 98, 'reg_alpha': 7.659367778094433e-06, 'reg_lambda': 1000.0, 'scale_pos_weight': 1.762549012724548e-05, 'subsample': 1.0}"
16,0.9318181818181819,0.8181818181818182,0.9727891156462586,0.907278767743884,0.06518244757479211,1,0.01149590810139974,0.00022906871402961893,0.0018653074900309246,0.00010779303310323934,0.9122887424533915,0.5113215108761385,1.52702002264988e-05,0.8869281855217805,17,35,0,79,9.586148911653097e-08,536.6016537479863,0.9401664235800988,1.0,"{'colsample_bylevel': 0.9122887424533915, 'colsample_bytree': 0.5113215108761385, 'gamma': 1.52702002264988e-05, 'learning_rate': 0.8869281855217805, 'max_delta_step': 17, 'max_depth': 35, 'min_child_weight': 0, 'n_estimators': 79, 'reg_alpha': 9.586148911653097e-08, 'reg_lambda': 536.6016537479863, 'scale_pos_weight': 0.9401664235800988, 'subsample': 1.0}"
17,0.5,0.5,0.5,0.5,0.0,1,0.007460435231526692,0.0005583228414053176,0.0018010139465332031,0.00016222604683882225,1.0,0.01,0.00014519746422626297,1.0,0,0,0,50,1.0,1000.0,15.229586418609337,0.6213741401624794,"{'colsample_bylevel': 1.0, 'colsample_bytree': 0.01, 'gamma': 0.00014519746422626297, 'learning_rate': 1.0, 'max_delta_step': 0, 'max_depth': 0, 'min_child_weight': 0, 'n_estimators': 50, 'reg_alpha': 1.0, 'reg_lambda': 1000.0, 'scale_pos_weight': 15.229586418609337, 'subsample': 0.6213741401624794}"
18,0.902892561983471,0.79004329004329,0.9523809523809523,0.8813886372025906,0.06767531993872905,1,0.010182062784830729,0.0005641622530437142,0.0017566680908203125,7.307779013317087e-05,0.9260152987522023,0.8653374056757415,1.809964083974977e-05,0.030731712907083097,18,31,3,97,8.426714714666457e-09,1e-09,1.1851014894905076,0.37541544748509686,"{'colsample_bylevel': 0.9260152987522023, 'colsample_bytree': 0.8653374056757415, 'gamma': 1.809964083974977e-05, 'learning_rate': 0.030731712907083097, 'max_delta_step': 18, 'max_depth': 31, 'min_child_weight': 3, 'n_estimators': 97, 'reg_alpha': 8.426714714666457e-09, 'reg_lambda': 1e-09, 'scale_pos_weight': 1.1851014894905076, 'subsample': 0.37541544748509686}"
19,0.9214876033057852,0.8744588744588745,0.9115646258503401,0.902580623510856,0.020293309806595994,1,0.0110321044921875,0.0005273677051996176,0.0018794536590576172,0.00010882043138295097,0.08441957474731983,0.7589086724925369,2.5224486843793724e-05,0.11835804958990394,2,22,3,81,2.159008430316013e-09,7.251936993243022e-06,129.61315144195908,0.5702860439282829,"{'colsample_bylevel': 0.08441957474731983, 'colsample_bytree': 0.7589086724925369, 'gamma': 2.5224486843793724e-05, 'learning_rate': 0.11835804958990394, 'max_delta_step': 2, 'max_depth': 22, 'min_child_weight': 3, 'n_estimators': 81, 'reg_alpha': 2.159008430316013e-09, 'reg_lambda': 7.251936993243022e-06, 'scale_pos_weight': 129.61315144195908, 'subsample': 0.5702860439282829}"
20,0.9504132231404958,0.8528138528138528,0.927437641723356,0.9103996778415382,0.041785112142143366,1,0.01151712735493978,0.0005318146224971637,0.0018021265665690105,9.846857293698787e-05,0.8292854936654052,0.6379508921150754,1.026279420540916e-05,0.667466816392664,20,40,0,85,9.714549195336604e-09,42.332279215580016,1.8226995271303308,1.0,"{'colsample_bylevel': 0.8292854936654052, 'colsample_bytree': 0.6379508921150754, 'gamma': 1.026279420540916e-05, 'learning_rate': 0.667466816392664, 'max_delta_step': 20, 'max_depth': 40, 'min_child_weight': 0, 'n_estimators': 85, 'reg_alpha': 9.714549195336604e-09, 'reg_lambda': 42.332279215580016, 'scale_pos_weight': 1.8226995271303308, 'subsample': 1.0}"
21,0.9359504132231405,0.8203463203463204,0.9659863945578232,0.9071948723111516,0.06262279296445422,1,0.013661384582519531,0.0009633784691579838,0.0021785100301106772,0.00018610748559525674,0.9150952894160604,0.5453655119998239,2.85399708883376e-06,0.7560695624860008,18,38,0,85,1.3482140842873122e-07,202.22505957698672,0.5404724750763669,1.0,"{'colsample_bylevel': 0.9150952894160604, 'colsample_bytree': 0.5453655119998239, 'gamma': 2.85399708883376e-06, 'learning_rate': 0.7560695624860008, 'max_delta_step': 18, 'max_depth': 38, 'min_child_weight': 0, 'n_estimators': 85, 'reg_alpha': 1.3482140842873122e-07, 'reg_lambda': 202.22505957698672, 'scale_pos_weight': 0.5404724750763669, 'subsample': 1.0}"
22,0.9442148760330579,0.8203463203463204,0.9070294784580499,0.8908184838417397,0.052091239566212075,1,0.011025349299112955,0.0006692209296649183,0.002157290776570638,9.661814659197409e-05,0.01,0.9718008366106718,9.401382652276644e-06,0.0791668081573437,4,21,3,70,1.727562145093967e-06,2.602112287601995e-08,369.3255321028934,0.5691609202227533,"{'colsample_bylevel': 0.01, 'colsample_bytree': 0.9718008366106718, 'gamma': 9.401382652276644e-06, 'learning_rate': 0.0791668081573437, 'max_delta_step': 4, 'max_depth': 21, 'min_child_weight': 3, 'n_estimators': 70, 'reg_alpha': 1.727562145093967e-06, 'reg_lambda': 2.602112287601995e-08, 'scale_pos_weight': 369.3255321028934, 'subsample': 0.5691609202227533}"
23,0.9028925619834711,0.8095238095238095,0.8367346938775511,0.8502298734856875,0.03946611899341747,1,0.026296456654866535,0.002513771836122889,0.0026033719380696616,0.0005737268654230212,1.0,1.0,0.49999999999999994,0.021844848825651256,17,6,5,100,1e-09,1e-09,258.51934190893377,0.8281935544594119,"{'colsample_bylevel': 1.0, 'colsample_bytree': 1.0, 'gamma': 0.49999999999999994, 'learning_rate': 0.021844848825651256, 'max_delta_step': 17, 'max_depth': 6, 'min_child_weight': 5, 'n_estimators': 100, 'reg_alpha': 1e-09, 'reg_lambda': 1e-09, 'scale_pos_weight': 258.51934190893377, 'subsample': 0.8281935544594119}"
24,0.5,0.5,0.5,0.5,0.0,1,0.011796712875366211,0.0025706577334813144,0.0028243064880371094,0.00015692555600555985,0.2950839689994562,1.0,0.49999999999999994,0.14283791861767625,0,0,0,50,0.003703980687298728,65.73599900870116,3.094259542786643,0.4431403197798023,"{'colsample_bylevel': 0.2950839689994562, 'colsample_bytree': 1.0, 'gamma': 0.49999999999999994, 'learning_rate': 0.14283791861767625, 'max_delta_step': 0, 'max_depth': 0, 'min_child_weight': 0, 'n_estimators': 50, 'reg_alpha': 0.003703980687298728, 'reg_lambda': 65.73599900870116, 'scale_pos_weight': 3.094259542786643, 'subsample': 0.4431403197798023}"
25,0.8884297520661157,0.8354978354978355,0.8934240362811792,0.8724118259001981,0.026181601196167872,1,0.023470958073933918,0.0031814986453586034,0.0022532145182291665,0.00013341976020452698,1.0,0.9439065204552376,0.00815391174883522,0.08122894718943097,13,19,0,74,9.48991599685209e-06,1e-09,8.464300561352598,0.6368612533145953,"{'colsample_bylevel': 1.0, 'colsample_bytree': 0.9439065204552376, 'gamma': 0.00815391174883522, 'learning_rate': 0.08122894718943097, 'max_delta_step': 13, 'max_depth': 19, 'min_child_weight': 0, 'n_estimators': 74, 'reg_alpha': 9.48991599685209e-06, 'reg_lambda': 1e-09, 'scale_pos_weight': 8.464300561352598, 'subsample': 0.6368612533145953}"
26,0.9152892561983471,0.8744588744588745,0.9070294784580499,0.898989898989899,0.017670599519165876,1,0.012538750966389975,0.0008521086095034417,0.0020100275675455728,0.00017178433188658686,0.6402676843644726,1.0,2.0466734853376753e-06,0.09622871725506443,13,39,4,94,1e-09,2.414940366191984e-05,26.152561691602884,0.6759610371088257,"{'colsample_bylevel': 0.6402676843644726, 'colsample_bytree': 1.0, 'gamma': 2.0466734853376753e-06, 'learning_rate': 0.09622871725506443, 'max_delta_step': 13, 'max_depth': 39, 'min_child_weight': 4, 'n_estimators': 94, 'reg_alpha': 1e-09, 'reg_lambda': 2.414940366191984e-05, 'scale_pos_weight': 26.152561691602884, 'subsample': 0.6759610371088257}"
27,0.9090909090909091,0.800865800865801,0.9070294784580499,0.8723447095540119,0.05055022314451174,1,0.020974477132161457,0.0014675813670829959,0.002097527186075846,0.00011067456754680911,0.9624361308563467,0.7762886179809392,0.010318566049819617,0.03502050579182498,5,22,0,85,1e-09,6.908895764515575e-09,48.4913115899053,0.44467961433523323,"{'colsample_bylevel': 0.9624361308563467, 'colsample_bytree': 0.7762886179809392, 'gamma': 0.010318566049819617, 'learning_rate': 0.03502050579182498, 'max_delta_step': 5, 'max_depth': 22, 'min_child_weight': 0, 'n_estimators': 85, 'reg_alpha': 1e-09, 'reg_lambda': 6.908895764515575e-09, 'scale_pos_weight': 48.4913115899053, 'subsample': 0.44467961433523323}"
28,0.9462809917355371,0.8257575757575758,0.9569160997732427,0.9095691130574851,0.05942245045086064,1,0.01147007942199707,0.0007734223985526648,0.0017889340718587239,0.00011631574549709231,0.7076585303405053,1.0,3.6575608332906186e-08,0.4411301183866511,20,11,1,78,3.0844890653871333e-06,153.871720061607,0.45596531140581703,1.0,"{'colsample_bylevel': 0.7076585303405053, 'colsample_bytree': 1.0, 'gamma': 3.6575608332906186e-08, 'learning_rate': 0.4411301183866511, 'max_delta_step': 20, 'max_depth': 11, 'min_child_weight': 1, 'n_estimators': 78, 'reg_alpha': 3.0844890653871333e-06, 'reg_lambda': 153.871720061607, 'scale_pos_weight': 0.45596531140581703, 'subsample': 1.0}"
29,0.8925619834710744,0.8506493506493507,0.9251700680272108,0.889207691533273,0.030339603032210265,1,0.011334737141927084,0.000919267147435691,0.002125422159830729,0.0003008328768604976,0.01,1.0,1e-09,0.12924104480305273,20,50,5,89,1e-09,8.440086079418588,499.99999999999994,0.6939507214881213,"{'colsample_bylevel': 0.01, 'colsample_bytree': 1.0, 'gamma': 1e-09, 'learning_rate': 0.12924104480305273, 'max_delta_step': 20, 'max_depth': 50, 'min_child_weight': 5, 'n_estimators': 89, 'reg_alpha': 1e-09, 'reg_lambda': 8.440086079418588, 'scale_pos_weight': 499.99999999999994, 'subsample': 0.6939507214881213}"
30,0.9194214876033058,0.8138528138528138,0.9795918367346939,0.9038222759152991,0.06819338330110779,1,0.012273391087849935,0.0009054282880557496,0.0020068486531575522,0.00024636307068747436,0.35101076815845733,0.7519103873850976,1e-09,0.012276366497658378,20,37,2,91,0.012228918339704723,1.5358926243049115e-05,116.75659074726754,0.305036329034547,"{'colsample_bylevel': 0.35101076815845733, 'colsample_bytree': 0.7519103873850976, 'gamma': 1e-09, 'learning_rate': 0.012276366497658378, 'max_delta_step': 20, 'max_depth': 37, 'min_child_weight': 2, 'n_estimators': 91, 'reg_alpha': 0.012228918339704723, 'reg_lambda': 1.5358926243049115e-05, 'scale_pos_weight': 116.75659074726754, 'subsample': 0.305036329034547}"
31,0.9256198347107438,0.8246753246753247,0.9569160997732427,0.9021611463471928,0.05625993862603609,1,0.010378837585449219,0.0005806510445684212,0.0018033981323242188,5.294002095887243e-05,0.17100433710744706,0.36298262247893964,1e-09,0.5548983568912006,7,42,0,96,1.2484658994199275e-08,176.63553376082618,0.9427045915565736,0.4525423870280911,"{'colsample_bylevel': 0.17100433710744706, 'colsample_bytree': 0.36298262247893964, 'gamma': 1e-09, 'learning_rate': 0.5548983568912006, 'max_delta_step': 7, 'max_depth': 42, 'min_child_weight': 0, 'n_estimators': 96, 'reg_alpha': 1.2484658994199275e-08, 'reg_lambda': 176.63553376082618, 'scale_pos_weight': 0.9427045915565736, 'subsample': 0.4525423870280911}"
32,0.9049586776859504,0.8138528138528139,0.9115646258503401,0.8767408302292025,0.04455020157316515,1,0.009516080220540365,0.000650453493902714,0.002027591069539388,0.0004305780718281835,0.01,0.9592344641248428,1e-09,0.2645957506266844,4,11,4,76,0.011998281709196593,0.03232595692391648,150.02715297070077,0.4553332209450993,"{'colsample_bylevel': 0.01, 'colsample_bytree': 0.9592344641248428, 'gamma': 1e-09, 'learning_rate': 0.2645957506266844, 'max_delta_step': 4, 'max_depth': 11, 'min_child_weight': 4, 'n_estimators': 76, 'reg_alpha': 0.011998281709196593, 'reg_lambda': 0.03232595692391648, 'scale_pos_weight': 150.02715297070077, 'subsample': 0.4553332209450993}"
33,0.9173553719008265,0.8636363636363636,0.9024943310657596,0.8946105574012551,0.022726391155164845,1,0.013330618540445963,0.0003832430813615497,0.0022836526234944663,0.0001544283023954296,0.31027297466700093,1.0,5.708801362795334e-06,0.015219077039967376,20,18,0,86,7.763309301616525e-06,0.00015502854641503158,0.9048476270855206,1.0,"{'colsample_bylevel': 0.31027297466700093, 'colsample_bytree': 1.0, 'gamma': 5.708801362795334e-06, 'learning_rate': 0.015219077039967376, 'max_delta_step': 20, 'max_depth': 18, 'min_child_weight': 0, 'n_estimators': 86, 'reg_alpha': 7.763309301616525e-06, 'reg_lambda': 0.00015502854641503158, 'scale_pos_weight': 0.9048476270855206, 'subsample': 1.0}"
34,0.9318181818181818,0.8203463203463204,0.909297052154195,0.8873284338400618,0.04824717185921606,1,0.01036532719930013,0.0009730329347583806,0.0018765926361083984,0.00013303856410629456,0.01,1.0,1.6512445462132556e-07,0.06778407623646981,15,29,5,73,1.0691939716773861e-06,0.0002460116056275016,178.1415344388184,0.495178769047305,"{'colsample_bylevel': 0.01, 'colsample_bytree': 1.0, 'gamma': 1.6512445462132556e-07, 'learning_rate': 0.06778407623646981, 'max_delta_step': 15, 'max_depth': 29, 'min_child_weight': 5, 'n_estimators': 73, 'reg_alpha': 1.0691939716773861e-06, 'reg_lambda': 0.0002460116056275016, 'scale_pos_weight': 178.1415344388184, 'subsample': 0.495178769047305}"
35,0.8760330578512396,0.7380952380952381,0.8752834467120181,0.8298097251585623,0.0648526573919976,1,0.010642528533935547,0.00034257860024235903,0.0019466876983642578,0.00018705524134562436,0.01,0.01,1.4715671609286597e-06,1.0,13,50,0,95,1e-09,159.10212425873536,499.99999999999994,0.2999608652620585,"{'colsample_bylevel': 0.01, 'colsample_bytree': 0.01, 'gamma': 1.4715671609286597e-06, 'learning_rate': 1.0, 'max_delta_step': 13, 'max_depth': 50, 'min_child_weight': 0, 'n_estimators': 95, 'reg_alpha': 1e-09, 'reg_lambda': 159.10212425873536, 'scale_pos_weight': 499.99999999999994, 'subsample': 0.2999608652620585}"
36,0.9194214876033059,0.7976190476190477,0.9637188208616779,0.8932430618477131,0.06999172424183678,1,0.01039274533589681,0.00011689131238154957,0.001802682876586914,9.611078471512314e-05,0.864306788024984,1.0,1e-09,0.023188788873952548,17,5,4,81,1.0,2.0573437891739678e-05,1.021869053517039,0.5615510435384753,"{'colsample_bylevel': 0.864306788024984, 'colsample_bytree': 1.0, 'gamma': 1e-09, 'learning_rate': 0.023188788873952548, 'max_delta_step': 17, 'max_depth': 5, 'min_child_weight': 4, 'n_estimators': 81, 'reg_alpha': 1.0, 'reg_lambda': 2.0573437891739678e-05, 'scale_pos_weight': 1.021869053517039, 'subsample': 0.5615510435384753}"
37,0.9462809917355371,0.8203463203463203,0.9024943310657596,0.8900466458605993,0.05242556764824604,1,0.010572115580240885,0.0005760732423559391,0.0017924308776855469,0.00015264636647791278,0.10321271115661612,1.0,1e-09,0.08000674091459932,20,25,5,88,1.0,0.050210068674274834,95.90554274324438,0.7912717512728281,"{'colsample_bylevel': 0.10321271115661612, 'colsample_bytree': 1.0, 'gamma': 1e-09, 'learning_rate': 0.08000674091459932, 'max_delta_step': 20, 'max_depth': 25, 'min_child_weight': 5, 'n_estimators': 88, 'reg_alpha': 1.0, 'reg_lambda': 0.050210068674274834, 'scale_pos_weight': 95.90554274324438, 'subsample': 0.7912717512728281}"
38,0.8987603305785123,0.7337662337662337,0.9478458049886621,0.8597436155575691,0.09130442020432174,1,0.00785080591837565,0.0004530931807617619,0.0017532507578531902,5.130611730073867e-05,0.7027052113719576,0.7607479355753489,1.3367895415680754e-08,0.07249194128031733,2,10,3,58,1.272593020282286e-09,1e-09,0.1580533308174147,1.0,"{'colsample_bylevel': 0.7027052113719576, 'colsample_bytree': 0.7607479355753489, 'gamma': 1.3367895415680754e-08, 'learning_rate': 0.07249194128031733, 'max_delta_step': 2, 'max_depth': 10, 'min_child_weight': 3, 'n_estimators': 58, 'reg_alpha': 1.272593020282286e-09, 'reg_lambda': 1e-09, 'scale_pos_weight': 0.1580533308174147, 'subsample': 1.0}"
39,0.9049586776859504,0.7987012987012987,0.8503401360544218,0.8517567703614215,0.04363908971055971,1,0.013974666595458984,0.001277377699390528,0.0021015008290608725,0.00023820186408339146,0.19784567799324668,0.4689985634658661,0.03274956575686259,0.01,20,50,3,76,1e-09,1e-09,486.16558425767465,0.6417407257231591,"{'colsample_bylevel': 0.19784567799324668, 'colsample_bytree': 0.4689985634658661, 'gamma': 0.03274956575686259, 'learning_rate': 0.01, 'max_delta_step': 20, 'max_depth': 50, 'min_child_weight': 3, 'n_estimators': 76, 'reg_alpha': 1e-09, 'reg_lambda': 1e-09, 'scale_pos_weight': 486.16558425767465, 'subsample': 0.6417407257231591}"
40,0.5,0.5,0.5,0.5,0.0,1,0.009032487869262695,0.0004518115739878092,0.001680930455525716,7.840947157968581e-05,0.731370557108385,0.8261051104220016,1.5736366403531545e-08,0.17148459022264362,0,0,1,84,0.004209317543271862,15.597434489870277,0.4044039996514247,0.7213130789264779,"{'colsample_bylevel': 0.731370557108385, 'colsample_bytree': 0.8261051104220016, 'gamma': 1.5736366403531545e-08, 'learning_rate': 0.17148459022264362, 'max_delta_step': 0, 'max_depth': 0, 'min_child_weight': 1, 'n_estimators': 84, 'reg_alpha': 0.004209317543271862, 'reg_lambda': 15.597434489870277, 'scale_pos_weight': 0.4044039996514247, 'subsample': 0.7213130789264779}"
41,0.9152892561983471,0.8138528138528138,0.9319727891156463,0.8869089566763986,0.05210532562002296,1,0.010930140813191732,0.0006990604675356184,0.002118190129597982,8.73420106058175e-05,0.2082568770991642,0.526651042292102,1e-09,0.2567487903612293,6,43,0,100,6.287800742582158e-09,260.09756892221867,1.1581960100952045,0.37376892383185284,"{'colsample_bylevel': 0.2082568770991642, 'colsample_bytree': 0.526651042292102, 'gamma': 1e-09, 'learning_rate': 0.2567487903612293, 'max_delta_step': 6, 'max_depth': 43, 'min_child_weight': 0, 'n_estimators': 100, 'reg_alpha': 6.287800742582158e-09, 'reg_lambda': 260.09756892221867, 'scale_pos_weight': 1.1581960100952045, 'subsample': 0.37376892383185284}"
42,0.9318181818181818,0.8701298701298701,0.9251700680272109,0.9090909090909092,0.027682910445291156,1,0.009524901707967123,0.00066867018059032,0.0019408067067464192,0.0001100754478246189,0.48490493724859113,0.7584751083381984,3.908820658450401e-09,0.12479177384504343,5,50,2,58,1e-09,1e-09,26.87209456785542,1.0,"{'colsample_bylevel': 0.48490493724859113, 'colsample_bytree': 0.7584751083381984, 'gamma': 3.908820658450401e-09, 'learning_rate': 0.12479177384504343, 'max_delta_step': 5, 'max_depth': 50, 'min_child_weight': 2, 'n_estimators': 58, 'reg_alpha': 1e-09, 'reg_lambda': 1e-09, 'scale_pos_weight': 26.87209456785542, 'subsample': 1.0}"
43,0.9152892561983471,0.8333333333333334,0.909297052154195,0.8860196650894325,0.03733505000136612,1,0.012614965438842773,0.0007992416903944863,0.0020334720611572266,0.0001681905217450019,0.8128473012948749,0.5674770068815421,1e-09,0.16284814751780882,17,44,0,99,1e-09,19.208991983917887,8.476837980786684,0.4887067159896698,"{'colsample_bylevel': 0.8128473012948749, 'colsample_bytree': 0.5674770068815421, 'gamma': 1e-09, 'learning_rate': 0.16284814751780882, 'max_delta_step': 17, 'max_depth': 44, 'min_child_weight': 0, 'n_estimators': 99, 'reg_alpha': 1e-09, 'reg_lambda': 19.208991983917887, 'scale_pos_weight': 8.476837980786684, 'subsample': 0.4887067159896698}"
44,0.9400826446280991,0.8203463203463204,0.9387755102040816,0.8997449578844926,0.056145849661231095,1,0.010282595952351889,0.0008350539475656637,0.0018360614776611328,7.98556328725838e-05,0.7406451598720166,0.5378518192662417,1.6698573410537877e-06,0.1267035509268471,9,33,1,74,0.002196815170234288,1.5445011416213103e-06,6.122212821411268,0.47250480637406184,"{'colsample_bylevel': 0.7406451598720166, 'colsample_bytree': 0.5378518192662417, 'gamma': 1.6698573410537877e-06, 'learning_rate': 0.1267035509268471, 'max_delta_step': 9, 'max_depth': 33, 'min_child_weight': 1, 'n_estimators': 74, 'reg_alpha': 0.002196815170234288, 'reg_lambda': 1.5445011416213103e-06, 'scale_pos_weight': 6.122212821411268, 'subsample': 0.47250480637406184}"
45,0.9359504132231404,0.8333333333333335,0.9251700680272108,0.8982348400953054,0.04610272900295068,1,0.012289603551228842,0.0011391819068114486,0.0021124680836995444,1.5132016489622017e-05,0.10314070299840204,1.0,1.2386192117781802e-06,0.04075381134747686,20,48,0,52,1e-09,14.491920688787577,2.3209292541203417,0.9342532279181058,"{'colsample_bylevel': 0.10314070299840204, 'colsample_bytree': 1.0, 'gamma': 1.2386192117781802e-06, 'learning_rate': 0.04075381134747686, 'max_delta_step': 20, 'max_depth': 48, 'min_child_weight': 0, 'n_estimators': 52, 'reg_alpha': 1e-09, 'reg_lambda': 14.491920688787577, 'scale_pos_weight': 2.3209292541203417, 'subsample': 0.9342532279181058}"
46,0.9338842975206612,0.854978354978355,0.9229024943310657,0.904006845867311,0.03495691045986471,1,0.01264031728108724,0.0019195345221175014,0.0025801658630371094,0.00010616259341209925,0.7902741934665761,0.7319629651329793,1e-09,0.31356000509828497,0,2,1,89,1e-09,1e-09,46.59141481422195,1.0,"{'colsample_bylevel': 0.7902741934665761, 'colsample_bytree': 0.7319629651329793, 'gamma': 1e-09, 'learning_rate': 0.31356000509828497, 'max_delta_step': 0, 'max_depth': 2, 'min_child_weight': 1, 'n_estimators': 89, 'reg_alpha': 1e-09, 'reg_lambda': 1e-09, 'scale_pos_weight': 46.59141481422195, 'subsample': 1.0}"
47,0.9462809917355371,0.8225108225108224,0.9229024943310657,0.8974126648545252,0.05381622510278552,1,0.011244773864746094,0.0005988784586101626,0.0018409093221028645,6.183621783540062e-05,0.01,0.01,0.49999999999999994,0.8591679045058392,0,50,4,100,1e-09,1e-09,499.99999999999994,1.0,"{'colsample_bylevel': 0.01, 'colsample_bytree': 0.01, 'gamma': 0.49999999999999994, 'learning_rate': 0.8591679045058392, 'max_delta_step': 0, 'max_depth': 50, 'min_child_weight': 4, 'n_estimators': 100, 'reg_alpha': 1e-09, 'reg_lambda': 1e-09, 'scale_pos_weight': 499.99999999999994, 'subsample': 1.0}"
48,0.9049586776859504,0.70995670995671,0.9546485260770975,0.8561361119500654,0.10533517802260836,1,0.010254859924316406,0.0005610707010529468,0.0020765463511149087,0.00018780376743355706,0.45240923658495635,0.1881982753769565,1.5280652098291073e-06,1.0,17,50,3,99,1e-09,0.000880225948457592,346.51228667788575,0.6845256847543274,"{'colsample_bylevel': 0.45240923658495635, 'colsample_bytree': 0.1881982753769565, 'gamma': 1.5280652098291073e-06, 'learning_rate': 1.0, 'max_delta_step': 17, 'max_depth': 50, 'min_child_weight': 3, 'n_estimators': 99, 'reg_alpha': 1e-09, 'reg_lambda': 0.000880225948457592, 'scale_pos_weight': 346.51228667788575, 'subsample': 0.6845256847543274}"
49,0.9132231404958677,0.8268398268398269,0.9523809523809524,0.8971777576428739,0.05224107337306192,1,0.01042477289835612,0.00014618414178572235,0.002214670181274414,0.0002026757062215697,0.6945073843373485,0.922540815806972,1e-09,0.020654577723035646,20,11,4,83,0.008858131309252297,9.051279090466176e-07,2.0531600963737935,0.516244092517305,"{'colsample_bylevel': 0.6945073843373485, 'colsample_bytree': 0.922540815806972, 'gamma': 1e-09, 'learning_rate': 0.020654577723035646, 'max_delta_step': 20, 'max_depth': 11, 'min_child_weight': 4, 'n_estimators': 83, 'reg_alpha': 0.008858131309252297, 'reg_lambda': 9.051279090466176e-07, 'scale_pos_weight': 2.0531600963737935, 'subsample': 0.516244092517305}"
50,0.921487603305785,0.8311688311688312,0.8662131519274376,0.8733850129198966,0.03741708743415345,1,0.008557717005411783,0.0005046913177221029,0.0017151037851969402,5.016557058059392e-05,0.3147093998167264,1.0,1e-09,0.016006871258087647,20,2,5,74,1.0,2.681769648316143e-09,74.74159587996559,0.3465867613984589,"{'colsample_bylevel': 0.3147093998167264, 'colsample_bytree': 1.0, 'gamma': 1e-09, 'learning_rate': 0.016006871258087647, 'max_delta_step': 20, 'max_depth': 2, 'min_child_weight': 5, 'n_estimators': 74, 'reg_alpha': 1.0, 'reg_lambda': 2.681769648316143e-09, 'scale_pos_weight': 74.74159587996559, 'subsample': 0.3465867613984589}"
51,0.5,0.5,0.5,0.5,0.0,1,0.008855978647867838,0.000563501066176426,0.001696189244588216,7.806387252924776e-05,0.07926512021520399,0.9825843887732859,1.2986876590341566e-05,0.23037541095689448,4,0,5,100,1.4669955837339012e-06,1e-09,63.41742168237055,1.0,"{'colsample_bylevel': 0.07926512021520399, 'colsample_bytree': 0.9825843887732859, 'gamma': 1.2986876590341566e-05, 'learning_rate': 0.23037541095689448, 'max_delta_step': 4, 'max_depth': 0, 'min_child_weight': 5, 'n_estimators': 100, 'reg_alpha': 1.4669955837339012e-06, 'reg_lambda': 1e-09, 'scale_pos_weight': 63.41742168237055, 'subsample': 1.0}"
52,0.9380165289256198,0.8528138528138528,0.8866213151927438,0.8928823114869627,0.035252620572127205,1,0.010986646016438803,0.0009638008338508146,0.0019545555114746094,0.00015881230795286417,0.01,0.7646047084855123,8.892759443072938e-07,0.11264464613609967,3,27,3,83,1e-09,4.452430912345925e-08,242.14230779395825,0.5474112643985218,"{'colsample_bylevel': 0.01, 'colsample_bytree': 0.7646047084855123, 'gamma': 8.892759443072938e-07, 'learning_rate': 0.11264464613609967, 'max_delta_step': 3, 'max_depth': 27, 'min_child_weight': 3, 'n_estimators': 83, 'reg_alpha': 1e-09, 'reg_lambda': 4.452430912345925e-08, 'scale_pos_weight': 242.14230779395825, 'subsample': 0.5474112643985218}"
53,0.9152892561983471,0.880952380952381,0.9013605442176871,0.8993087016342831,0.01417020123307178,1,0.012450536092122396,0.0008219146009008221,0.001932382583618164,0.00023792247018891962,0.8179340184526391,0.8750504997483204,1e-09,0.04737053516789171,3,17,0,50,1e-09,1e-09,1.687584975825017,1.0,"{'colsample_bylevel': 0.8179340184526391, 'colsample_bytree': 0.8750504997483204, 'gamma': 1e-09, 'learning_rate': 0.04737053516789171, 'max_delta_step': 3, 'max_depth': 17, 'min_child_weight': 0, 'n_estimators': 50, 'reg_alpha': 1e-09, 'reg_lambda': 1e-09, 'scale_pos_weight': 1.687584975825017, 'subsample': 1.0}"
54,0.9276859504132231,0.8614718614718615,0.91156462585034,0.9003657840867143,0.028278284347626897,1,0.011656363805135092,0.000774072352347086,0.0018419424692789714,0.00012495504361392383,0.5257417352146556,1.0,3.9998984975574096e-07,0.11637912746447175,20,15,0,62,2.1740584598392165e-07,29.396954083368453,3.7780336885305617,1.0,"{'colsample_bylevel': 0.5257417352146556, 'colsample_bytree': 1.0, 'gamma': 3.9998984975574096e-07, 'learning_rate': 0.11637912746447175, 'max_delta_step': 20, 'max_depth': 15, 'min_child_weight': 0, 'n_estimators': 62, 'reg_alpha': 2.1740584598392165e-07, 'reg_lambda': 29.396954083368453, 'scale_pos_weight': 3.7780336885305617, 'subsample': 1.0}"
55,0.5,0.5,0.5,0.5,0.0,1,0.0076580047607421875,0.0003905572869799575,0.0017211437225341797,7.679003124719236e-05,0.01,0.01,1e-09,1.0,13,12,5,59,1e-09,0.01675479021035212,0.15185743333751847,0.32254862208739477,"{'colsample_bylevel': 0.01, 'colsample_bytree': 0.01, 'gamma': 1e-09, 'learning_rate': 1.0, 'max_delta_step': 13, 'max_depth': 12, 'min_child_weight': 5, 'n_estimators': 59, 'reg_alpha': 1e-09, 'reg_lambda': 0.01675479021035212, 'scale_pos_weight': 0.15185743333751847, 'subsample': 0.32254862208739477}"
56,0.8966942148760331,0.829004329004329,0.9682539682539683,0.8974294439410718,0.056515510953074374,1,0.012426137924194336,0.0009146599543259771,0.0019106864929199219,8.704161331351107e-05,1.0,0.4691426036148436,1.0381832206346432e-08,0.01408793124854325,9,7,4,73,0.0001691078012850241,1e-09,10.221595458942824,0.566992329690999,"{'colsample_bylevel': 1.0, 'colsample_bytree': 0.4691426036148436, 'gamma': 1.0381832206346432e-08, 'learning_rate': 0.01408793124854325, 'max_delta_step': 9, 'max_depth': 7, 'min_child_weight': 4, 'n_estimators': 73, 'reg_alpha': 0.0001691078012850241, 'reg_lambda': 1e-09, 'scale_pos_weight': 10.221595458942824, 'subsample': 0.566992329690999}"
57,0.9256198347107438,0.8376623376623377,0.9002267573696145,0.8880331554750159,0.03709473795709543,1,0.012117306391398111,0.0011539870597225572,0.0022149880727132163,0.0003759566590318781,0.7672642397227383,0.8792015690565491,1e-09,0.056099052896782436,2,21,4,83,1.4280176633300369e-08,7.445301642584604e-06,1.9173067832958794,1.0,"{'colsample_bylevel': 0.7672642397227383, 'colsample_bytree': 0.8792015690565491, 'gamma': 1e-09, 'learning_rate': 0.056099052896782436, 'max_delta_step': 2, 'max_depth': 21, 'min_child_weight': 4, 'n_estimators': 83, 'reg_alpha': 1.4280176633300369e-08, 'reg_lambda': 7.445301642584604e-06, 'scale_pos_weight': 1.9173067832958794, 'subsample': 1.0}"
58,0.9235537190082646,0.840909090909091,0.8571428571428571,0.8743833685694152,0.03598517999957323,1,0.016837358474731445,0.0009733589090022037,0.0018685658772786458,0.00016896419661594815,0.9497868706776746,1.0,1e-09,0.0699959671656285,17,18,0,70,0.005694777227937647,0.24827689249988324,1.6904963484827458,1.0,"{'colsample_bylevel': 0.9497868706776746, 'colsample_bytree': 1.0, 'gamma': 1e-09, 'learning_rate': 0.0699959671656285, 'max_delta_step': 17, 'max_depth': 18, 'min_child_weight': 0, 'n_estimators': 70, 'reg_alpha': 0.005694777227937647, 'reg_lambda': 0.24827689249988324, 'scale_pos_weight': 1.6904963484827458, 'subsample': 1.0}"
59,0.8822314049586777,0.7922077922077922,0.927437641723356,0.8669418436860297,0.055973258414655225,1,0.009496927261352539,0.0006115503323186158,0.0020278294881184897,0.000129522135044886,0.9717968765844254,0.22108508624771384,1e-09,0.08817502312168893,11,10,3,68,0.0001843757751489834,8.323235158926757e-05,14.71427585738936,0.5197126510558103,"{'colsample_bylevel': 0.9717968765844254, 'colsample_bytree': 0.22108508624771384, 'gamma': 1e-09, 'learning_rate': 0.08817502312168893, 'max_delta_step': 11, 'max_depth': 10, 'min_child_weight': 3, 'n_estimators': 68, 'reg_alpha': 0.0001843757751489834, 'reg_lambda': 8.323235158926757e-05, 'scale_pos_weight': 14.71427585738936, 'subsample': 0.5197126510558103}"
60,0.9132231404958677,0.8095238095238096,0.8956916099773242,0.872948756669687,0.045415416061510554,1,0.012840906778971354,0.001012020588808738,0.0020340283711751304,0.00020765599757276818,0.9801919065525554,1.0,0.0005682393435477148,0.01,8,7,4,65,0.15560414853843543,2.195130686371886e-09,8.737899067111517,0.5620642629014654,"{'colsample_bylevel': 0.9801919065525554, 'colsample_bytree': 1.0, 'gamma': 0.0005682393435477148, 'learning_rate': 0.01, 'max_delta_step': 8, 'max_depth': 7, 'min_child_weight': 4, 'n_estimators': 65, 'reg_alpha': 0.15560414853843543, 'reg_lambda': 2.195130686371886e-09, 'scale_pos_weight': 8.737899067111517, 'subsample': 0.5620642629014654}"
61,0.9132231404958677,0.8722943722943723,0.909297052154195,0.8983019564414914,0.01845981731891022,1,0.010766426722208658,0.0004760614416818873,0.002144495646158854,7.70003018717534e-05,0.3818449009738816,0.6976138595700477,2.3636200966417693e-08,0.22408811548739752,2,8,0,72,0.13083341851637462,1e-09,6.221970035197586,1.0,"{'colsample_bylevel': 0.3818449009738816, 'colsample_bytree': 0.6976138595700477, 'gamma': 2.3636200966417693e-08, 'learning_rate': 0.22408811548739752, 'max_delta_step': 2, 'max_depth': 8, 'min_child_weight': 0, 'n_estimators': 72, 'reg_alpha': 0.13083341851637462, 'reg_lambda': 1e-09, 'scale_pos_weight': 6.221970035197586, 'subsample': 1.0}"
62,0.878099173553719,0.8106060606060607,0.8571428571428571,0.8487784824994128,0.028314693067566427,1,0.009834845860799154,0.00037035496943726146,0.002014636993408203,0.00010210626498346402,0.9340665020713972,0.4283829364197745,1e-09,0.03156120810364272,3,8,5,87,1e-09,14.59847525898696,69.5400778782245,0.5416951201274316,"{'colsample_bylevel': 0.9340665020713972, 'colsample_bytree': 0.4283829364197745, 'gamma': 1e-09, 'learning_rate': 0.03156120810364272, 'max_delta_step': 3, 'max_depth': 8, 'min_child_weight': 5, 'n_estimators': 87, 'reg_alpha': 1e-09, 'reg_lambda': 14.59847525898696, 'scale_pos_weight': 69.5400778782245, 'subsample': 0.5416951201274316}"
63,0.8863636363636362,0.8484848484848485,0.9070294784580499,0.8804657874425316,0.024135683893409227,1,0.011258681615193685,5.860583231975443e-05,0.0021180311838785806,6.098308345287537e-05,0.6733039630424246,0.4604197498538355,4.8516817416139235e-08,0.03820466257328931,4,37,1,53,4.553791789883278e-08,1e-09,19.969357405823626,1.0,"{'colsample_bylevel': 0.6733039630424246, 'colsample_bytree': 0.4604197498538355, 'gamma': 4.8516817416139235e-08, 'learning_rate': 0.03820466257328931, 'max_delta_step': 4, 'max_depth': 37, 'min_child_weight': 1, 'n_estimators': 53, 'reg_alpha': 4.553791789883278e-08, 'reg_lambda': 1e-09, 'scale_pos_weight': 19.969357405823626, 'subsample': 1.0}"
64,0.9380165289256199,0.8441558441558442,0.9251700680272108,0.9025470653377632,0.041620400519594196,1,0.012699286142985025,0.0009667162477743905,0.0018738905588785808,0.0001042327078374371,0.9748095092768406,0.8700353782529533,1e-09,0.0966155400854917,11,4,1,88,2.100129411730139e-06,3.5319568403515396e-07,14.281367289271659,1.0,"{'colsample_bylevel': 0.9748095092768406, 'colsample_bytree': 0.8700353782529533, 'gamma': 1e-09, 'learning_rate': 0.0966155400854917, 'max_delta_step': 11, 'max_depth': 4, 'min_child_weight': 1, 'n_estimators': 88, 'reg_alpha': 2.100129411730139e-06, 'reg_lambda': 3.5319568403515396e-07, 'scale_pos_weight': 14.281367289271659, 'subsample': 1.0}"
65,0.9276859504132231,0.8181818181818182,0.8979591836734694,0.8815060908084165,0.04639161786412103,1,0.010634183883666992,0.0005748849253313311,0.001836538314819336,0.00011751222628435896,0.41904278453103966,0.5804886331904423,6.471236738368671e-07,0.9989432773385732,1,5,0,86,1.8928805506235172e-07,1.2764399248510173e-08,59.827442388508395,0.9967497167173204,"{'colsample_bylevel': 0.41904278453103966, 'colsample_bytree': 0.5804886331904423, 'gamma': 6.471236738368671e-07, 'learning_rate': 0.9989432773385732, 'max_delta_step': 1, 'max_depth': 5, 'min_child_weight': 0, 'n_estimators': 86, 'reg_alpha': 1.8928805506235172e-07, 'reg_lambda': 1.2764399248510173e-08, 'scale_pos_weight': 59.827442388508395, 'subsample': 0.9967497167173204}"
66,0.9008264462809917,0.8744588744588745,0.9138321995464853,0.8962716869693614,0.016311828556706737,1,0.013632059097290039,0.0008105029923983615,0.001963535944620768,0.00012149593912594684,0.3817153312948497,0.49306277185174824,0.00981683208605026,0.017552255654657272,12,18,0,94,1.7445899179055915e-06,1e-09,3.946162791221108,0.439238209768411,"{'colsample_bylevel': 0.3817153312948497, 'colsample_bytree': 0.49306277185174824, 'gamma': 0.00981683208605026, 'learning_rate': 0.017552255654657272, 'max_delta_step': 12, 'max_depth': 18, 'min_child_weight': 0, 'n_estimators': 94, 'reg_alpha': 1.7445899179055915e-06, 'reg_lambda': 1e-09, 'scale_pos_weight': 3.946162791221108, 'subsample': 0.439238209768411}"
67,0.8760330578512396,0.8073593073593073,0.9070294784580499,0.863233665559247,0.04148511818073151,1,0.01121822992960612,0.0007857349531032158,0.0020055770874023438,0.0001764073013941048,1.0,0.01,1e-09,0.01,20,4,5,100,1e-09,1e-09,499.99999999999994,0.57456446899017,"{'colsample_bylevel': 1.0, 'colsample_bytree': 0.01, 'gamma': 1e-09, 'learning_rate': 0.01, 'max_delta_step': 20, 'max_depth': 4, 'min_child_weight': 5, 'n_estimators': 100, 'reg_alpha': 1e-09, 'reg_lambda': 1e-09, 'scale_pos_weight': 499.99999999999994, 'subsample': 0.57456446899017}"
68,0.9442148760330579,0.8658008658008658,0.9319727891156462,0.9140910768817746,0.03450995290466424,1,0.009306033452351889,0.0007185490958031489,0.0020640691121419272,8.605564037909964e-05,0.4532179315710175,1.0,9.759246909915306e-09,0.09296273333425886,7,25,3,61,1e-09,6.13640457462212e-08,2.8190614430391467,0.9891883901119438,"{'colsample_bylevel': 0.4532179315710175, 'colsample_bytree': 1.0, 'gamma': 9.759246909915306e-09, 'learning_rate': 0.09296273333425886, 'max_delta_step': 7, 'max_depth': 25, 'min_child_weight': 3, 'n_estimators': 61, 'reg_alpha': 1e-09, 'reg_lambda': 6.13640457462212e-08, 'scale_pos_weight': 2.8190614430391467, 'subsample': 0.9891883901119438}"
69,0.890495867768595,0.8593073593073594,0.9478458049886621,0.8987717708647941,0.036422419447011224,1,0.01962002118428548,0.0005346935299999066,0.002183039983113607,0.0002774338911470386,1.0,0.6509165845161187,1e-09,0.050492030548927876,20,24,0,97,1e-09,1e-09,0.47895587970151543,0.41552907865366145,"{'colsample_bylevel': 1.0, 'colsample_bytree': 0.6509165845161187, 'gamma': 1e-09, 'learning_rate': 0.050492030548927876, 'max_delta_step': 20, 'max_depth': 24, 'min_child_weight': 0, 'n_estimators': 97, 'reg_alpha': 1e-09, 'reg_lambda': 1e-09, 'scale_pos_weight': 0.47895587970151543, 'subsample': 0.41552907865366145}"
70,0.9111570247933883,0.8354978354978355,0.9614512471655329,0.9023121581261115,0.05151149044518559,1,0.010863383611043295,0.00039685254522018763,0.001839001973470052,0.00021186137819649459,0.9962730758968303,0.6494248968600335,0.16982661249816866,0.34422585301217395,4,32,1,76,1.0,27.37328296248287,11.22126538144255,0.4527983260954348,"{'colsample_bylevel': 0.9962730758968303, 'colsample_bytree': 0.6494248968600335, 'gamma': 0.16982661249816866, 'learning_rate': 0.34422585301217395, 'max_delta_step': 4, 'max_depth': 32, 'min_child_weight': 1, 'n_estimators': 76, 'reg_alpha': 1.0, 'reg_lambda': 27.37328296248287, 'scale_pos_weight': 11.22126538144255, 'subsample': 0.4527983260954348}"
71,0.5,0.5,0.5,0.5,0.0,1,0.009113709131876627,0.0007941339175212778,0.0019254684448242188,0.00022746290354708592,0.48808282999666125,0.20297219136994143,1e-09,0.01,19,50,5,57,1.0,1e-09,499.99999999999994,0.2984414654985221,"{'colsample_bylevel': 0.48808282999666125, 'colsample_bytree': 0.20297219136994143, 'gamma': 1e-09, 'learning_rate': 0.01, 'max_delta_step': 19, 'max_depth': 50, 'min_child_weight': 5, 'n_estimators': 57, 'reg_alpha': 1.0, 'reg_lambda': 1e-09, 'scale_pos_weight': 499.99999999999994, 'subsample': 0.2984414654985221}"
72,0.884297520661157,0.7467532467532467,0.909297052154195,0.8465888117050907,0.07132794993870498,1,0.009033441543579102,0.00038751188052771465,0.0018818378448486328,3.3288220247898374e-05,1.0,0.15932696920988432,0.0037185830615536495,0.016541216406596865,6,33,1,50,0.15889151930865808,1e-09,4.973762891363649,0.43513522282702327,"{'colsample_bylevel': 1.0, 'colsample_bytree': 0.15932696920988432, 'gamma': 0.0037185830615536495, 'learning_rate': 0.016541216406596865, 'max_delta_step': 6, 'max_depth': 33, 'min_child_weight': 1, 'n_estimators': 50, 'reg_alpha': 0.15889151930865808, 'reg_lambda': 1e-09, 'scale_pos_weight': 4.973762891363649, 'subsample': 0.43513522282702327}"
73,0.5681818181818181,0.6818181818181818,0.7630385487528344,0.6695023322930298,0.08000380296692125,1,0.013943195343017578,0.0004377072057146304,0.002371629079182943,0.00010802954862320335,1.0,1.0,0.49999999999999994,1.0,20,15,1,86,0.002140238211626728,0.0006769980724147963,499.99999999999994,0.4122684957619163,"{'colsample_bylevel': 1.0, 'colsample_bytree': 1.0, 'gamma': 0.49999999999999994, 'learning_rate': 1.0, 'max_delta_step': 20, 'max_depth': 15, 'min_child_weight': 1, 'n_estimators': 86, 'reg_alpha': 0.002140238211626728, 'reg_lambda': 0.0006769980724147963, 'scale_pos_weight': 499.99999999999994, 'subsample': 0.4122684957619163}"
74,0.8677685950413223,0.774891774891775,0.9342403628117913,0.8584516258934864,0.0650164752722154,1,0.009195248285929361,0.0003753903030671142,0.0017346541086832683,6.710295979694863e-05,1.0,1.0,5.963154275298176e-09,0.2965278976905428,19,29,2,72,1.4965581390817076e-06,0.00011680469711801687,2.8428122139358596,0.4035947033251956,"{'colsample_bylevel': 1.0, 'colsample_bytree': 1.0, 'gamma': 5.963154275298176e-09, 'learning_rate': 0.2965278976905428, 'max_delta_step': 19, 'max_depth': 29, 'min_child_weight': 2, 'n_estimators': 72, 'reg_alpha': 1.4965581390817076e-06, 'reg_lambda': 0.00011680469711801687, 'scale_pos_weight': 2.8428122139358596, 'subsample': 0.4035947033251956}"
75,0.9049586776859504,0.854978354978355,0.8639455782312925,0.8749454679687236,0.021898331021948936,1,0.012802521387736002,0.0008508263626015415,0.0019538402557373047,0.0001230701832938241,0.06424269778687207,0.6929148696215203,0.00018458787602395786,0.05639687734996869,19,25,3,86,1e-09,1e-09,130.71197003726215,0.9906390744460253,"{'colsample_bylevel': 0.06424269778687207, 'colsample_bytree': 0.6929148696215203, 'gamma': 0.00018458787602395786, 'learning_rate': 0.05639687734996869, 'max_delta_step': 19, 'max_depth': 25, 'min_child_weight': 3, 'n_estimators': 86, 'reg_alpha': 1e-09, 'reg_lambda': 1e-09, 'scale_pos_weight': 130.71197003726215, 'subsample': 0.9906390744460253}"
76,0.8698347107438017,0.854978354978355,0.8526077097505669,0.8592738011342663,0.007658999428967606,1,0.013555447260538736,0.0010660157320075288,0.0017962455749511719,0.00011404302754208803,0.7857475467976557,0.9102664142090531,0.49999999999999994,0.01,9,50,5,65,1e-09,1e-09,499.99999999999994,0.906083280922529,"{'colsample_bylevel': 0.7857475467976557, 'colsample_bytree': 0.9102664142090531, 'gamma': 0.49999999999999994, 'learning_rate': 0.01, 'max_delta_step': 9, 'max_depth': 50, 'min_child_weight': 5, 'n_estimators': 65, 'reg_alpha': 1e-09, 'reg_lambda': 1e-09, 'scale_pos_weight': 499.99999999999994, 'subsample': 0.906083280922529}"
77,0.9214876033057852,0.8636363636363636,0.9160997732426304,0.900449679519447,0.026123660067807124,1,0.010242144266764322,0.0006458225310702883,0.0017791589101155598,9.091104641657635e-05,0.6865213589802487,0.7083845001517015,0.49999999999999994,0.22103114770663337,0,47,2,57,1e-09,1e-09,499.99999999999994,0.9949422117699127,"{'colsample_bylevel': 0.6865213589802487, 'colsample_bytree': 0.7083845001517015, 'gamma': 0.49999999999999994, 'learning_rate': 0.22103114770663337, 'max_delta_step': 0, 'max_depth': 47, 'min_child_weight': 2, 'n_estimators': 57, 'reg_alpha': 1e-09, 'reg_lambda': 1e-09, 'scale_pos_weight': 499.99999999999994, 'subsample': 0.9949422117699127}"
78,0.859504132231405,0.7186147186147187,0.909297052154195,0.8287526427061311,0.0804871428015135,1,0.01244505246480306,0.000725545025421341,0.0020149548848470054,0.00013323230876948933,0.7614339413880368,0.18115555655127374,2.626432342027866e-05,0.04580659191183564,9,15,0,95,0.007803589689905278,1e-09,2.403966936482039,0.4525865536400948,"{'colsample_bylevel': 0.7614339413880368, 'colsample_bytree': 0.18115555655127374, 'gamma': 2.626432342027866e-05, 'learning_rate': 0.04580659191183564, 'max_delta_step': 9, 'max_depth': 15, 'min_child_weight': 0, 'n_estimators': 95, 'reg_alpha': 0.007803589689905278, 'reg_lambda': 1e-09, 'scale_pos_weight': 2.403966936482039, 'subsample': 0.4525865536400948}"
79,0.9070247933884297,0.8441558441558441,0.8526077097505669,0.8683512869559381,0.0280353224341622,1,0.011363983154296875,0.0003101067849948218,0.0018607775370279949,7.863195907643829e-05,0.12973422608291396,0.42793634109970097,0.08250211298221365,0.0226872859842593,3,14,4,65,1e-09,1.243907948802749e-06,499.99999999999994,0.7591282383866377,"{'colsample_bylevel': 0.12973422608291396, 'colsample_bytree': 0.42793634109970097, 'gamma': 0.08250211298221365, 'learning_rate': 0.0226872859842593, 'max_delta_step': 3, 'max_depth': 14, 'min_child_weight': 4, 'n_estimators': 65, 'reg_alpha': 1e-09, 'reg_lambda': 1.243907948802749e-06, 'scale_pos_weight': 499.99999999999994, 'subsample': 0.7591282383866377}"
80,0.7055785123966942,0.761904761904762,0.7947845804988662,0.7533977650256721,0.03690195517834235,1,0.008060614267985025,0.0007282213704308782,0.0018204847971598308,0.00011677908693931411,1.0,1.0,1e-09,0.01,6,19,3,50,1e-09,9.377861463037957e-08,0.05668167263062783,1.0,"{'colsample_bylevel': 1.0, 'colsample_bytree': 1.0, 'gamma': 1e-09, 'learning_rate': 0.01, 'max_delta_step': 6, 'max_depth': 19, 'min_child_weight': 3, 'n_estimators': 50, 'reg_alpha': 1e-09, 'reg_lambda': 9.377861463037957e-08, 'scale_pos_weight': 0.05668167263062783, 'subsample': 1.0}"
81,0.8925619834710744,0.7889610389610391,0.9081632653061225,0.863107822410148,0.05281493608775662,1,0.009415785471598307,0.0007663873491143521,0.0016981760660807292,5.806143759172144e-05,0.9244107622676034,0.6753482265050322,0.49999999999999994,0.2933331918567682,6,20,0,53,0.5663693594680815,125.13671268431514,2.919043818738562,0.45078236362928836,"{'colsample_bylevel': 0.9244107622676034, 'colsample_bytree': 0.6753482265050322, 'gamma': 0.49999999999999994, 'learning_rate': 0.2933331918567682, 'max_delta_step': 6, 'max_depth': 20, 'min_child_weight': 0, 'n_estimators': 53, 'reg_alpha': 0.5663693594680815, 'reg_lambda': 125.13671268431514, 'scale_pos_weight': 2.919043818738562, 'subsample': 0.45078236362928836}"
82,0.9256198347107438,0.8831168831168832,0.927437641723356,0.912044028323098,0.02046803127049258,1,0.009413719177246094,0.00044627287883903784,0.0017867088317871094,7.549327693127602e-05,0.578857053104855,0.7769822468854795,0.008885961312184892,0.18668438799819684,2,23,3,70,1e-09,1e-09,5.858307311158706,1.0,"{'colsample_bylevel': 0.578857053104855, 'colsample_bytree': 0.7769822468854795, 'gamma': 0.008885961312184892, 'learning_rate': 0.18668438799819684, 'max_delta_step': 2, 'max_depth': 23, 'min_child_weight': 3, 'n_estimators': 70, 'reg_alpha': 1e-09, 'reg_lambda': 1e-09, 'scale_pos_weight': 5.858307311158706, 'subsample': 1.0}"
83,0.9152892561983471,0.854978354978355,0.8412698412698412,0.8710862780630223,0.03228597783754712,1,0.013164758682250977,0.0011114063227876834,0.0018614133199055989,0.0002063447568459659,0.01,0.5930714359289503,0.012476287576722233,0.5091376689696312,20,38,0,100,4.439568110585238e-07,1e-09,55.20079553069249,0.4691711598719898,"{'colsample_bylevel': 0.01, 'colsample_bytree': 0.5930714359289503, 'gamma': 0.012476287576722233, 'learning_rate': 0.5091376689696312, 'max_delta_step': 20, 'max_depth': 38, 'min_child_weight': 0, 'n_estimators': 100, 'reg_alpha': 4.439568110585238e-07, 'reg_lambda': 1e-09, 'scale_pos_weight': 55.20079553069249, 'subsample': 0.4691711598719898}"
84,0.9297520661157025,0.8593073593073594,0.8662131519274376,0.8855834088392228,0.031901678394104585,1,0.012786070505777994,0.00014015137388435892,0.002112229665120443,5.6094892158999165e-05,0.25543175155585507,1.0,2.7669540060618332e-05,0.011547034656211918,19,28,1,98,0.00017425573373801005,4.7126531205428314e-05,34.49239925840947,0.3551772174870388,"{'colsample_bylevel': 0.25543175155585507, 'colsample_bytree': 1.0, 'gamma': 2.7669540060618332e-05, 'learning_rate': 0.011547034656211918, 'max_delta_step': 19, 'max_depth': 28, 'min_child_weight': 1, 'n_estimators': 98, 'reg_alpha': 0.00017425573373801005, 'reg_lambda': 4.7126531205428314e-05, 'scale_pos_weight': 34.49239925840947, 'subsample': 0.3551772174870388}"
85,0.9235537190082644,0.7965367965367965,0.9387755102040816,0.8861706768683513,0.06368447629331321,1,0.014186461766560873,0.0010224635239871706,0.0018999576568603516,0.00010580646568020098,1.0,1.0,0.0013496327803504196,0.0325562710970797,20,19,3,85,0.0038621832315293416,2.596857517536626e-05,34.036838258700506,0.4581732950501375,"{'colsample_bylevel': 1.0, 'colsample_bytree': 1.0, 'gamma': 0.0013496327803504196, 'learning_rate': 0.0325562710970797, 'max_delta_step': 20, 'max_depth': 19, 'min_child_weight': 3, 'n_estimators': 85, 'reg_alpha': 0.0038621832315293416, 'reg_lambda': 2.596857517536626e-05, 'scale_pos_weight': 34.036838258700506, 'subsample': 0.4581732950501375}"
86,0.9318181818181819,0.8722943722943723,0.9002267573696145,0.9016913319238902,0.02446092817829688,1,0.014570474624633789,0.0002400862069648651,0.0019941329956054688,2.2366492384539966e-05,0.3376706519021591,1.0,0.02211884971572075,0.1471466013194897,6,42,4,100,1e-09,1e-09,499.99999999999994,0.8086163913673288,"{'colsample_bylevel': 0.3376706519021591, 'colsample_bytree': 1.0, 'gamma': 0.02211884971572075, 'learning_rate': 0.1471466013194897, 'max_delta_step': 6, 'max_depth': 42, 'min_child_weight': 4, 'n_estimators': 100, 'reg_alpha': 1e-09, 'reg_lambda': 1e-09, 'scale_pos_weight': 499.99999999999994, 'subsample': 0.8086163913673288}"
87,0.9173553719008264,0.8593073593073592,0.9206349206349206,0.8990737944226315,0.028150955307458713,1,0.01178892453511556,0.00021552743576815788,0.0020066102345784507,6.143164664926296e-05,0.39222984629960406,1.0,1.3789264253395753e-08,0.09732954594101516,16,18,3,100,1e-09,1.541930668015028e-05,6.252160758635821,0.5826065419320505,"{'colsample_bylevel': 0.39222984629960406, 'colsample_bytree': 1.0, 'gamma': 1.3789264253395753e-08, 'learning_rate': 0.09732954594101516, 'max_delta_step': 16, 'max_depth': 18, 'min_child_weight': 3, 'n_estimators': 100, 'reg_alpha': 1e-09, 'reg_lambda': 1.541930668015028e-05, 'scale_pos_weight': 6.252160758635821, 'subsample': 0.5826065419320505}"
88,0.9132231404958677,0.8593073593073594,0.9206349206349207,0.8976643511527232,0.027290661543007144,1,0.009795188903808594,0.0009613733851384992,0.0018146038055419922,0.00014030577199450648,0.36517261610437834,1.0,0.0006523261895170268,0.4227195227783237,15,32,2,87,5.616920302691255e-09,1.5913407063539496e-06,9.367720082156946,1.0,"{'colsample_bylevel': 0.36517261610437834, 'colsample_bytree': 1.0, 'gamma': 0.0006523261895170268, 'learning_rate': 0.4227195227783237, 'max_delta_step': 15, 'max_depth': 32, 'min_child_weight': 2, 'n_estimators': 87, 'reg_alpha': 5.616920302691255e-09, 'reg_lambda': 1.5913407063539496e-06, 'scale_pos_weight': 9.367720082156946, 'subsample': 1.0}"
89,0.9256198347107437,0.829004329004329,0.8775510204081632,0.8777643545085405,0.039669428858193745,1,0.010729074478149414,0.0009815691646878218,0.001736005147298177,7.392573782096522e-05,0.4590964209241266,1.0,0.15757510949538234,0.465281088682839,0,44,0,50,2.0609741006826723e-07,5.198886432421978e-08,3.247334352439321,0.8607129742446198,"{'colsample_bylevel': 0.4590964209241266, 'colsample_bytree': 1.0, 'gamma': 0.15757510949538234, 'learning_rate': 0.465281088682839, 'max_delta_step': 0, 'max_depth': 44, 'min_child_weight': 0, 'n_estimators': 50, 'reg_alpha': 2.0609741006826723e-07, 'reg_lambda': 5.198886432421978e-08, 'scale_pos_weight': 3.247334352439321, 'subsample': 0.8607129742446198}"
90,0.9090909090909091,0.8160173160173161,0.9183673469387755,0.8810866136447532,0.046166449290251724,1,0.013018131256103516,0.0008312257154586788,0.0019571781158447266,9.660768681389137e-05,0.01,1.0,1e-09,0.024408861542550692,20,18,4,100,5.592979435538377e-09,1e-09,61.0506147831729,0.48938432950863275,"{'colsample_bylevel': 0.01, 'colsample_bytree': 1.0, 'gamma': 1e-09, 'learning_rate': 0.024408861542550692, 'max_delta_step': 20, 'max_depth': 18, 'min_child_weight': 4, 'n_estimators': 100, 'reg_alpha': 5.592979435538377e-09, 'reg_lambda': 1e-09, 'scale_pos_weight': 61.0506147831729, 'subsample': 0.48938432950863275}"
91,0.9462809917355371,0.854978354978355,0.9024943310657596,0.9015906574046108,0.03749301032967297,1,0.0171054204305013,0.0001209629661723739,0.0020548502604166665,1.8500967667613223e-05,0.8711740854811388,1.0,0.09927644589981706,0.06247905422656999,7,23,3,100,1e-09,1e-09,9.397259395636155,0.9024930847138105,"{'colsample_bylevel': 0.8711740854811388, 'colsample_bytree': 1.0, 'gamma': 0.09927644589981706, 'learning_rate': 0.06247905422656999, 'max_delta_step': 7, 'max_depth': 23, 'min_child_weight': 3, 'n_estimators': 100, 'reg_alpha': 1e-09, 'reg_lambda': 1e-09, 'scale_pos_weight': 9.397259395636155, 'subsample': 0.9024930847138105}"
92,0.9049586776859504,0.8658008658008659,0.9160997732426304,0.8955334071613141,0.021510187226479186,1,0.015725453694661457,0.0010504042081550331,0.002021233240763346,4.457017660940136e-05,0.8723991361514868,0.794136069443367,0.0014498561278504538,0.033255220885988784,8,15,0,80,1.165864601012472e-05,4.88881174479338e-05,2.3925727596853252,0.4535260637261548,"{'colsample_bylevel': 0.8723991361514868, 'colsample_bytree': 0.794136069443367, 'gamma': 0.0014498561278504538, 'learning_rate': 0.033255220885988784, 'max_delta_step': 8, 'max_depth': 15, 'min_child_weight': 0, 'n_estimators': 80, 'reg_alpha': 1.165864601012472e-05, 'reg_lambda': 4.88881174479338e-05, 'scale_pos_weight': 2.3925727596853252, 'subsample': 0.4535260637261548}"
93,0.9194214876033058,0.8333333333333334,0.873015873015873,0.8756166314305848,0.03539290956723828,1,0.009084701538085938,0.0002708474934647061,0.0018688042958577473,0.00013904203235031882,0.367838486435567,0.6186361037324467,6.839381862673959e-09,0.05441591301803632,15,16,1,59,0.2376113383248183,6.737137426401962e-06,10.870716970051015,0.4577217624839229,"{'colsample_bylevel': 0.367838486435567, 'colsample_bytree': 0.6186361037324467, 'gamma': 6.839381862673959e-09, 'learning_rate': 0.05441591301803632, 'max_delta_step': 15, 'max_depth': 16, 'min_child_weight': 1, 'n_estimators': 59, 'reg_alpha': 0.2376113383248183, 'reg_lambda': 6.737137426401962e-06, 'scale_pos_weight': 10.870716970051015, 'subsample': 0.4577217624839229}"
94,0.9442148760330578,0.8658008658008658,0.888888888888889,0.9000637605288767,0.03311884470725506,1,0.011494795481363932,0.0004622878389115029,0.0018486976623535156,6.629351387139683e-05,0.8861830872755588,1.0,0.021697725802320895,0.13663585177104146,10,13,2,71,4.6139244271841777e-08,1.1053558169532124e-06,4.844012181693051,1.0,"{'colsample_bylevel': 0.8861830872755588, 'colsample_bytree': 1.0, 'gamma': 0.021697725802320895, 'learning_rate': 0.13663585177104146, 'max_delta_step': 10, 'max_depth': 13, 'min_child_weight': 2, 'n_estimators': 71, 'reg_alpha': 4.6139244271841777e-08, 'reg_lambda': 1.1053558169532124e-06, 'scale_pos_weight': 4.844012181693051, 'subsample': 1.0}"
95,0.8987603305785123,0.8333333333333334,0.9251700680272109,0.8855498506661298,0.03846381646475976,1,0.009435733159383139,0.0005383539499955561,0.0018142064412434895,5.485953422742533e-05,0.01,1.0,0.49999999999999994,0.21111682636976076,6,33,5,61,1e-09,1e-09,499.99999999999994,0.6431546428601818,"{'colsample_bylevel': 0.01, 'colsample_bytree': 1.0, 'gamma': 0.49999999999999994, 'learning_rate': 0.21111682636976076, 'max_delta_step': 6, 'max_depth': 33, 'min_child_weight': 5, 'n_estimators': 61, 'reg_alpha': 1e-09, 'reg_lambda': 1e-09, 'scale_pos_weight': 499.99999999999994, 'subsample': 0.6431546428601818}"
96,0.9173553719008265,0.8636363636363636,0.9319727891156463,0.9042081949058693,0.02930237136182062,1,0.012046178181966146,0.0010107580940744646,0.0018340746561686199,0.00010973305576360612,1.0,0.8667839261980249,0.0016977918270480211,0.024284994988359957,10,17,1,61,8.474769303745419e-08,1e-09,3.5221103705934746,0.44311615891716344,"{'colsample_bylevel': 1.0, 'colsample_bytree': 0.8667839261980249, 'gamma': 0.0016977918270480211, 'learning_rate': 0.024284994988359957, 'max_delta_step': 10, 'max_depth': 17, 'min_child_weight': 1, 'n_estimators': 61, 'reg_alpha': 8.474769303745419e-08, 'reg_lambda': 1e-09, 'scale_pos_weight': 3.5221103705934746, 'subsample': 0.44311615891716344}"
97,0.921487603305785,0.8398268398268398,0.9002267573696145,0.8873452129266083,0.03470294523249583,1,0.01785437266031901,0.0014747872128492855,0.001959085464477539,4.018514325730852e-05,0.8084600939491923,1.0,9.429033198769394e-06,0.01270592748017387,18,16,0,84,1e-09,6.562666950368816e-06,2.2636275323630985,0.43778318869605265,"{'colsample_bylevel': 0.8084600939491923, 'colsample_bytree': 1.0, 'gamma': 9.429033198769394e-06, 'learning_rate': 0.01270592748017387, 'max_delta_step': 18, 'max_depth': 16, 'min_child_weight': 0, 'n_estimators': 84, 'reg_alpha': 1e-09, 'reg_lambda': 6.562666950368816e-06, 'scale_pos_weight': 2.2636275323630985, 'subsample': 0.43778318869605265}"
98,0.878099173553719,0.7705627705627706,0.8276643990929705,0.8258330816470352,0.044171470125879166,1,0.010077555974324545,0.0007994246734558324,0.0018956661224365234,0.00011711765172162741,0.1913393816363943,1.0,1.2601413468055172e-08,0.01,2,6,0,66,0.0005060999107378834,3.461269092921883e-07,236.86971933021815,1.0,"{'colsample_bylevel': 0.1913393816363943, 'colsample_bytree': 1.0, 'gamma': 1.2601413468055172e-08, 'learning_rate': 0.01, 'max_delta_step': 2, 'max_depth': 6, 'min_child_weight': 0, 'n_estimators': 66, 'reg_alpha': 0.0005060999107378834, 'reg_lambda': 3.461269092921883e-07, 'scale_pos_weight': 236.86971933021815, 'subsample': 1.0}"
99,0.9152892561983471,0.8658008658008658,0.8979591836734694,0.8931507768717072,0.020592158262156,1,0.017317930857340496,0.0007570592040098956,0.0018897851308186848,0.0001826307411724943,0.6314834680134107,1.0,0.020279139679213888,0.08388510419754432,8,50,0,82,2.5211619918549506e-06,6.502942991288397,4.050172193764768,1.0,"{'colsample_bylevel': 0.6314834680134107, 'colsample_bytree': 1.0, 'gamma': 0.020279139679213888, 'learning_rate': 0.08388510419754432, 'max_delta_step': 8, 'max_depth': 50, 'min_child_weight': 0, 'n_estimators': 82, 'reg_alpha': 2.5211619918549506e-06, 'reg_lambda': 6.502942991288397, 'scale_pos_weight': 4.050172193764768, 'subsample': 1.0}"
